"ID","Name","Last name","Phone Number","Email"
"1","Genie","Frami","959.591.3909","genie86@hotmail.com"
"2","Crissy","Weissnat","066-270-3452","crissy53@yahoo.com"
"3","Preston","Wolff","(643) 089-5282","preston02@gmail.com"
"5","Melissa","Klocko","(250) 972-3711","melissa60@yahoo.com"
"7","Dario","Schultz","253.140.2197","dario21@gmail.com"
"8","Sidney","Hauck","1-409-850-0972","sidney29@gmail.com"
"9","Melani","Lubowitz","783-544-3319","melani14@hotmail.com"
"10","Derick","Williamson","337-304-8138","derick88@hotmail.com"
"11","updatedNAME","added person last name","093-23-23-23","addedp@gmail.com"
